model,MAE,RMSE
ensemble_xgb_cat_lstm,99.87725632103407,1041.3798282567006
ensemble_xgb_lstm,99.88130873664177,1027.9324740004654
ensemble_cat_lstm,103.60855682432164,1080.2883247006662
xgb_pred_sec,105.35102336349556,1206.4113726255744
lstm_pred_sec,108.66381243933044,1133.0398124299609
cat_pred_sec,110.23311676858394,1326.2719786965674
naive_pred_sec,312.21656263416304,2266.4590060207133
